"Lote";"Cliente Contrato";"Codigo Banco";"Codigo Agencia";"Nome";"Estado";"Municipio";"Endereco";"CEP";"Tipo";"Horario";"Malha";"Refazer";"Codigo Febraban";"Origem";"Destino";"Tarjas"
"X";"CLIENTE CONTRATO TESTE";"21";"XXXXXYYY";"AGENCIA KSKSK 1";"ES";"VILA VELHA";"Rua Dos Bobos Número Zero";"08272-938";"COMP";"8:50";"Malha de roteiro";;"XXXXXYYY";"ORIGEM";"DESTINO";"LKIKIDKJKIKODLKJDIJE"
"X";"CLIENTE CONTRATO TESTE";"01";"XXXXXYYY";"AGENCIA KSKSK 2";"ES";"SERRA";"Rua Dos Bobos Número Zero";"08272-938";"COMP";"9:15";"Malha de roteiro";;"XXXXXYYY";"ORIGEM";"DESTINO";"LKIKIDKJKIKODLKJDIJE"
"X";"CLIENTE CONTRATO TESTE";"341";"XXXXXYYY";"AGENCIA KSKSK 3";"ES";"ARACRUZ";"Rua Dos Bobos Número Zero";"08272-938";"COMP";"10:00";"Malha de roteiro";;"XXXXXYYY";"ORIGEM";"DESTINO";"LKIKIDKJKIKODLKJDIJE"
"X";"CLIENTE CONTRATO TESTE";"033";"XXXXXYYY";"AGENCIA KSKSK 4";"ES";"VILA VELHA";"Rua Dos Bobos Número Zero";"08272-938";"COMP";"8:50";"Malha de roteiro";;"XXXXXYYY";"ORIGEM";"DESTINO";"LKIKIDKJKIKODLKJDIJE"
"X";"CLIENTE CONTRATO TESTE";"21";"XXXXXYYY";"AGENCIA KSKSK 5";"ES";"SERRA";"Rua Dos Bobos Número Zero";"08272-938";"COMP";"9:15";"Malha de roteiro";;"XXXXXYYY";"ORIGEM";"DESTINO";"LKIKIDKJKIKODLKJDIJE"
"X";"CLIENTE CONTRATO TESTE";"01";"XXXXXYYY";"AGENCIA KSKSK 6";"ES";"ARACRUZ";"Rua Dos Bobos Número Zero";"08272-938";"COMP";"10:00";"Malha de roteiro";;"XXXXXYYY";"ORIGEM";"DESTINO";"LKIKIDKJKIKODLKJDIJE"
"X";"CLIENTE CONTRATO TESTE";"341";"XXXXXYYY";"AGENCIA KSKSK 7";"ES";"VILA VELHA";"Rua Dos Bobos Número Zero";"08272-938";"COMP";"8:50";"Malha de roteiro";;"XXXXXYYY";"ORIGEM";"DESTINO";"LKIKIDKJKIKODLKJDIJE"
"X";"CLIENTE CONTRATO TESTE";"033";"XXXXXYYY";"AGENCIA KSKSK 8";"ES";"SERRA";"Rua Dos Bobos Número Zero";"08272-938";"COMP";"9:15";"Malha de roteiro";;"XXXXXYYY";"ORIGEM";"DESTINO";"LKIKIDKJKIKODLKJDIJE"
"X";"CLIENTE CONTRATO TESTE";"21";"XXXXXYYY";"AGENCIA KSKSK 9";"ES";"ARACRUZ";"Rua Dos Bobos Número Zero";"08272-938";"COMP";"10:00";"Malha de roteiro";;"XXXXXYYY";"ORIGEM";"DESTINO";"LKIKIDKJKIKODLKJDIJE"
"X";"CLIENTE CONTRATO TESTE";"01";"XXXXXYYY";"AGENCIA KSKSK 10";"ES";"VILA VELHA";"Rua Dos Bobos Número Zero";"08272-938";"COMP";"8:50";"Malha de roteiro";;"XXXXXYYY";"ORIGEM";"DESTINO";"LKIKIDKJKIKODLKJDIJE"
"X";"CLIENTE CONTRATO TESTE";"341";"XXXXXYYY";"AGENCIA KSKSK 11";"ES";"SERRA";"Rua Dos Bobos Número Zero";"08272-938";"COMP";"9:15";"Malha de roteiro";;"XXXXXYYY";"ORIGEM";"DESTINO";"LKIKIDKJKIKODLKJDIJE"
"X";"CLIENTE CONTRATO TESTE";"033";"XXXXXYYY";"AGENCIA KSKSK 12";"ES";"ARACRUZ";"Rua Dos Bobos Número Zero";"08272-938";"COMP";"10:00";"Malha de roteiro";;"XXXXXYYY";"ORIGEM";"DESTINO";"LKIKIDKJKIKODLKJDIJE"
"X";"CLIENTE CONTRATO TESTE";"21";"XXXXXYYY";"AGENCIA KSKSK 13";"ES";"VILA VELHA";"Rua Dos Bobos Número Zero";"08272-938";"COMP";"8:50";"Malha de roteiro";;"XXXXXYYY";"ORIGEM";"DESTINO";"LKIKIDKJKIKODLKJDIJE"
"X";"CLIENTE CONTRATO TESTE";"01";"XXXXXYYY";"AGENCIA KSKSK 14";"ES";"SERRA";"Rua Dos Bobos Número Zero";"08272-938";"COMP";"9:15";"Malha de roteiro";;"XXXXXYYY";"ORIGEM";"DESTINO";"LKIKIDKJKIKODLKJDIJE"
"X";"CLIENTE CONTRATO TESTE";"341";"XXXXXYYY";"AGENCIA KSKSK 15";"ES";"ARACRUZ";"Rua Dos Bobos Número Zero";"08272-938";"COMP";"10:00";"Malha de roteiro";;"XXXXXYYY";"ORIGEM";"DESTINO";"LKIKIDKJKIKODLKJDIJE"
